{"cameraMode":{"drawMode":0,"name":"Shaded","section":"Shading Mode"},"sceneLighting":false,"audioPlay":false,"sceneViewState":{"m_AlwaysRefresh":false,"showFog":true,"showSkybox":false,"showFlares":true,"showImageEffects":true,"showParticleSystems":true,"showVisualEffectGraphs":true,"m_FxEnabled":true},"in2DMode":false,"pivot":{"x":-11.883245468139649,"y":0.7863122224807739,"z":-6.256388187408447},"rotation":{"x":0.11196859180927277,"y":-0.10266363620758057,"z":0.011631629429757595,"w":0.9883291125297546},"size":1.1661815643310547,"orthographic":false}